feature,importance
lead_time,0.41103682277009307
avg_price_per_room,0.25133107671039795
no_of_special_requests,0.11372941568573426
market_segment_type_encoded,0.06997968965866866
total_stays,0.040928647941923156
no_of_week_nights,0.03584808326957802
total_guests,0.033139336741782884
no_of_weekend_nights,0.02797681391988401
required_car_parking_space,0.009199656110738651
repeated_guest,0.004383761951340562
no_of_previous_bookings_not_canceled,0.0024466952398586846
